肖申克的救赎,1994,9.7,3116576人评价
霸王别姬,1993,9.6,2299947人评价
泰坦尼克号,1997,9.5,2360518人评价
阿甘正传,1994,9.5,2318833人评价
千与千寻,2001,9.4,2407990人评价
美丽人生,1997,9.5,1415627人评价
这个杀手不太冷,1994,9.4,2453939人评价
星际穿越,2014,9.4,2034366人评价
盗梦空间,2010,9.4,2215708人评价
楚门的世界,1998,9.4,1891599人评价
辛德勒的名单,1993,9.5,1196137人评价
忠犬八公的故事,2009,9.4,1480725人评价
海上钢琴师,1998,9.3,1798360人评价
三傻大闹宝莱坞,2009,9.2,1983360人评价
放牛班的春天,2004,9.3,1407363人评价
机器人总动员,2008,9.3,1412713人评价
疯狂动物城,2016,9.2,2118752人评价
无间道,2002,9.3,1481916人评价
控方证人,1957,9.6,650863人评价
大话西游之大圣娶亲,1995,9.2,1634789人评价
熔炉,2011,9.3,994767人评价
教父,1972,9.3,1047512人评价
触不可及,2011,9.3,1221679人评价
寻梦环游记,2017,9.1,1843983人评价
当幸福来敲门,2006,9.2,1618682人评价
末代皇帝,1987,9.3,969986人评价
龙猫,1988,9.2,1351566人评价
哈利·波特与魔法石,2001,9.2,1332775人评价
怦然心动,2010,9.1,1960803人评价
活着,1994,9.3,920505人评价
蝙蝠侠：黑暗骑士,2008,9.2,1140066人评价
指环王3：王者无敌,2003,9.3,865827人评价
我不是药神,2018,9.0,2250822人评价
乱世佳人,1939,9.3,747664人评价
飞屋环游记,2009,9.1,1425001人评价
让子弹飞,2010,9.0,1829768人评价
哈尔的移动城堡,2004,9.1,1203861人评价
素媛,2013,9.3,740728人评价
十二怒汉,1957,9.4,543270人评价
海蒂和爷爷,2015,9.3,712106人评价
猫鼠游戏,2002,9.1,1134386人评价
何以为家,2018,9.1,1118842人评价
天空之城,1986,9.2,957515人评价
摔跤吧！爸爸,2016,9.0,1670607人评价
鬼子来了,2000,9.3,678246人评价
少年派的奇幻漂流,2012,9.1,1432018人评价
钢琴家,2002,9.3,705579人评价
指环王2：双塔奇兵,2002,9.2,814174人评价
大话西游之月光宝盒,1995,9.0,1302294人评价
死亡诗社,1989,9.2,815675人评价
闻香识女人,1992,9.1,969895人评价
绿皮书,2018,8.9,1791225人评价
大闹天宫,1961(中国大陆) / 1964(中国大陆) / 1978(中国大陆),9.4,479692人评价
罗马假日,1953,9.1,1006985人评价
黑客帝国,1999,9.1,901031人评价
指环王1：护戒使者,2001,9.1,913265人评价
教父2,1974,9.3,602513人评价
天堂电影院,1988,9.2,715851人评价
狮子王,1994,9.1,913696人评价
辩护人,2013,9.2,633813人评价
饮食男女,1994,9.2,677633人评价
搏击俱乐部,1999,9.0,917674人评价
本杰明·巴顿奇事,2008,9.0,1055996人评价
美丽心灵,2001,9.1,822037人评价
穿条纹睡衣的男孩,2008,9.2,613000人评价
情书,1995,8.9,1230522人评价
窃听风暴,2006,9.2,607147人评价
两杆大烟枪,1998,9.1,643698人评价
哈利·波特与死亡圣器(下),2011,9.0,918294人评价
音乐之声,1965,9.1,650541人评价
看不见的客人,2016,8.8,1374544人评价
西西里的美丽传说,2000,8.9,1048377人评价
阿凡达,2009,8.8,1508641人评价
功夫,2004,8.9,1252696人评价
拯救大兵瑞恩,1998,9.1,693184人评价
哈利·波特与阿兹卡班的囚徒,2004,9.0,834334人评价
小鞋子,1997,9.2,442566人评价
飞越疯人院,1975,9.1,581384人评价
沉默的羔羊,1991,8.9,966858人评价
布达佩斯大饭店,2014,8.9,1027801人评价
蝴蝶效应,2004,8.9,1014394人评价
禁闭岛,2010,8.9,1058803人评价
致命魔术,2006,8.9,923648人评价
心灵捕手,1997,9.0,779193人评价
超脱,2011,9.0,677217人评价
低俗小说,1994,8.9,909296人评价
摩登时代,1936,9.3,328297人评价
喜剧之王,1999,8.8,1040490人评价
哈利·波特与密室,2002,8.9,859836人评价
春光乍泄,1997,9.0,678993人评价
致命ID,2003,8.9,898491人评价
杀人回忆,2003,8.9,788955人评价
海豚湾,2009,9.3,372866人评价
美国往事,1984,9.1,448737人评价
一一,2000,9.1,454846人评价
加勒比海盗,2003,8.8,923720人评价
红辣椒,2006,9.0,528719人评价
七宗罪,1995,8.8,1008803人评价
唐伯虎点秋香,1993,8.7,1165765人评价
狩猎,2012,9.1,437995人评价
7号房的礼物,2013,8.9,597371人评价
甜蜜蜜,1996,8.9,628194人评价
蝙蝠侠：黑暗骑士崛起,2012,8.9,777580人评价
被嫌弃的松子的一生,2006,8.8,746778人评价
爱在黎明破晓前,1995,8.8,752123人评价
寄生虫,2019,8.8,1476062人评价
超能陆战队,2014,8.8,1093379人评价
第六感,1999,8.9,604722人评价
天书奇谭,1983(中国大陆) / 2021,9.2,303824人评价
重庆森林,1994,8.8,878550人评价
爱在日落黄昏时,2004,8.9,616645人评价
入殓师,2008,8.9,718157人评价
幽灵公主,1997,8.9,565855人评价
剪刀手爱德华,1990,8.7,1088716人评价
断背山,2005,8.8,750891人评价
请以你的名字呼唤我,2017,8.8,784913人评价
勇敢的心,1995,8.9,587023人评价
菊次郎的夏天,1999,8.9,645267人评价
未麻的部屋,1997,9.1,393073人评价
借东西的小人阿莉埃蒂,2010,8.9,598625人评价
哈利·波特与火焰杯,2005,8.8,751338人评价
消失的爱人,2014,8.7,1029423人评价
无人知晓,2004,9.1,354356人评价
茶馆,1982(中国大陆),9.6,183725人评价
时空恋旅人,2013,8.8,743937人评价
倩女幽魂,1987,8.8,786890人评价
完美的世界,1993,9.1,343444人评价
阳光灿烂的日子,1994,8.8,662317人评价
小森林 夏秋篇,2014,9.0,454488人评价
天使爱美丽,2001,8.7,994922人评价
头脑特工队,2015,8.8,734945人评价
驯龙高手,2010,8.8,813984人评价
新世界,2013,8.9,495147人评价
侧耳倾听,1995,8.9,499377人评价
怪兽电力公司,2001,8.8,732036人评价
教父3,1990,9.0,408696人评价
傲慢与偏见,2005,8.7,872713人评价
玩具总动员3,2010,8.9,562087人评价
一个叫欧维的男人决定去死,2015,8.9,530988人评价
幸福终点站,2004,8.8,613928人评价
小森林 冬春篇,2015,9.0,404391人评价
色，戒,2007,8.7,903760人评价
被解救的姜戈,2012,8.8,658105人评价
釜山行,2016,8.6,1290694人评价
神偷奶爸,2010,8.7,1008614人评价
九品芝麻官,1994,8.8,749260人评价
萤火之森,2011,8.8,582802人评价
哪吒闹海,1979,9.2,282927人评价
告白,2010,8.8,713948人评价
喜宴,1993,9.0,402497人评价
玛丽和马克思,2009,9.0,443416人评价
模仿游戏,2014,8.8,695043人评价
花样年华,2000,8.8,669198人评价
头号玩家,2018,8.6,1454761人评价
大鱼,2003,8.8,603857人评价
七武士,1954,9.3,218620人评价
射雕英雄传之东成西就,1993,8.7,686938人评价
惊魂记,1960,9.0,332392人评价
血战钢锯岭,2016,8.7,828310人评价
我是山姆,2001,9.0,361627人评价
阳光姐妹淘,2011,8.8,617850人评价
你的名字。,2016,8.5,1525382人评价
恐怖直播,2013,8.7,700495人评价
黑客帝国3：矩阵革命,2003,8.8,477167人评价
三块广告牌,2017,8.7,881577人评价
心迷宫,2014,8.7,580938人评价
电锯惊魂,2004,8.7,581471人评价
小丑,2019,8.7,1087247人评价
心灵奇旅,2020,8.7,1075570人评价
背靠背，脸对脸,1994,9.5,161674人评价
达拉斯买家俱乐部,2013,8.8,485715人评价
疯狂原始人,2013,8.7,889088人评价
谍影重重3,2007,8.8,448884人评价
绿里奇迹,1999,8.9,366804人评价
爱在午夜降临前,2013,8.9,445277人评价
上帝之城,2002,9.0,321117人评价
海街日记,2015,8.8,493477人评价
英雄本色,1986,8.6,581650人评价
风之谷,1984,8.9,378484人评价
无间道2,2003,8.8,533714人评价
疯狂的石头,2006,8.6,885877人评价
2001太空漫游,1968,8.9,369353人评价
雨中曲,1952,9.1,251374人评价
纵横四海,1991,8.8,456522人评价
记忆碎片,2000,8.7,643615人评价
卢旺达饭店,2004,8.9,353424人评价
机器人之梦,2023,9.0,291885人评价
小偷家族,2018,8.7,866767人评价
无敌破坏王,2012,8.7,584803人评价
末路狂花,1991,9.0,308514人评价
岁月神偷,2010,8.7,598841人评价
冰川时代,2002,8.6,659249人评价
牯岭街少年杀人事件,1991,8.9,341270人评价
恐怖游轮,2009,8.5,941558人评价
忠犬八公物语,1987,9.2,209944人评价
东京教父,2003,9.0,268116人评价
荒蛮故事,2014,8.8,475378人评价
爆裂鼓手,2014,8.6,655524人评价
魔女宅急便,1989,8.7,499475人评价
大佛普拉斯,2017,8.7,520004人评价
高山下的花环,1984(中国大陆) / 1985,9.5,131219人评价
遗愿清单,2007,8.7,507541人评价
贫民窟的百万富翁,2008,8.6,784640人评价
东邪西毒,1994,8.6,611807人评价
你看起来好像很好吃,2010,8.9,357713人评价
源代码,2011,8.5,889744人评价
疯狂的麦克斯4：狂暴之路,2015,8.7,590467人评价
可可西里,2004,8.9,329125人评价
海边的曼彻斯特,2016,8.6,612189人评价
城市之光,1931,9.3,161921人评价
波西米亚狂想曲,2018,8.6,659264人评价
芙蓉镇,1987,9.3,169026人评价
黑天鹅,2010,8.6,820016人评价
爱乐之城,2016,8.4,1033172人评价
花束般的恋爱,2021,8.6,748277人评价
青蛇,1993,8.6,565975人评价
初恋这件小事,2010,8.5,1023912人评价
终结者2：审判日,1991,8.8,366176人评价
雨人,1988,8.7,428817人评价
哈利·波特与死亡圣器(上),2010,8.6,653337人评价
真爱至上,2003,8.5,782080人评价
人工智能,2001,8.7,480305人评价
白日梦想家,2013,8.6,585081人评价
无耻混蛋,2009,8.7,524095人评价
新龙门客栈,1992,8.7,481497人评价
虎口脱险,1966,8.9,280304人评价
恋恋笔记本,2004,8.5,720373人评价
里斯本丸沉没,2023,9.3,151556人评价
崖上的波妞,2008,8.6,544327人评价
罗生门,1950,8.8,341189人评价
千钧一发,1997,8.8,329073人评价
彗星来的那一夜,2013,8.6,644210人评价
大红灯笼高高挂,1991,8.8,333879人评价
哈利·波特与凤凰社,2007,8.5,651968人评价
黑客帝国2：重装上阵,2003,8.7,435409人评价
火星救援,2015,8.5,793158人评价
萤火虫之墓,1988,8.7,425846人评价
奇迹男孩,2017,8.6,581717人评价
二十二,2015,8.7,306012人评价
战争之王,2005,8.7,397720人评价
步履不停,2008,8.8,306336人评价
千年女优,2001,8.8,299923人评价
血钻,2006,8.7,406394人评价
谍影重重2,2004,8.7,380066人评价
房间,2015,8.8,388618人评价
魂断蓝桥,1940,8.8,298403人评价
蜘蛛侠：平行宇宙,2018,8.6,722340人评价
弱点,2009,8.7,340013人评价
谍影重重,2002,8.6,462805人评价
隐藏人物,2016,8.9,249059人评价