[2021-12-28],豆角,成都市农产品中心批发市场,¥5.60,¥7.80,¥6.20,元/千克(kg) 
[2021-12-28],黄瓜,成都市农产品中心批发市场,¥3.60,¥5.00,¥4.00,元/千克(kg) 
[2021-12-28],茄子,成都市农产品中心批发市场,¥3.00,¥3.40,¥3.20,元/千克(kg) 
[2021-12-28],青椒,成都市农产品中心批发市场,¥4.60,¥5.60,¥5.00,元/千克(kg) 
[2021-12-28],西红柿,成都市农产品中心批发市场,¥7.00,¥8.00,¥7.60,元/千克(kg) 
[2021-12-28],菜花,成都市农产品中心批发市场,¥2.80,¥3.60,¥3.20,元/千克(kg) 
[2021-12-28],韭黄,成都市农产品中心批发市场,¥10.00,¥11.00,¥10.40,元/千克(kg) 
[2021-12-28],蒜薹,成都市农产品中心批发市场,¥7.60,¥8.40,¥8.00,元/千克(kg) 
[2021-12-28],莴笋,成都市农产品中心批发市场,¥1.20,¥1.60,¥1.40,元/千克(kg) 
[2021-12-28],芹菜,成都市农产品中心批发市场,¥2.60,¥3.00,¥2.80,元/千克(kg) 
[2021-12-28],大蒜,成都市农产品中心批发市场,¥6.20,¥6.60,¥6.40,元/千克(kg) 
[2021-12-28],大葱,成都市农产品中心批发市场,¥6.20,¥6.60,¥6.40,元/千克(kg) 
[2021-12-28],土豆,成都市农产品中心批发市场,¥1.80,¥2.60,¥2.00,元/千克(kg) 
[2021-12-28],蒜苗,成都市农产品中心批发市场,¥6.00,¥7.00,¥6.40,元/千克(kg) 
[2021-12-28],韭菜,成都市农产品中心批发市场,¥6.40,¥7.60,¥7.00,元/千克(kg) 
[2021-12-28],生菜,成都市农产品中心批发市场,¥2.40,¥3.00,¥2.60,元/千克(kg) 
[2021-12-28],洋白菜,成都市农产品中心批发市场,¥2.00,¥2.60,¥2.40,元/千克(kg) 
[2021-12-28],大白菜,成都市农产品中心批发市场,¥1.20,¥1.60,¥1.40,元/千克(kg) 
[2021-9-3],豆角,成都市农产品中心批发市场,¥6.00,¥8.00,¥7.00,元/千克(kg) 
[2021-9-3],黄瓜,成都市农产品中心批发市场,¥2.40,¥3.20,¥3.00,元/千克(kg) 
[2021-9-3],茄子,成都市农产品中心批发市场,¥2.00,¥3.00,¥2.40,元/千克(kg) 
[2021-9-3],青椒,成都市农产品中心批发市场,¥2.00,¥3.00,¥2.40,元/千克(kg) 
[2021-9-3],西红柿,成都市农产品中心批发市场,¥3.20,¥4.00,¥3.60,元/千克(kg) 
[2021-9-3],菜花,成都市农产品中心批发市场,¥3.00,¥5.00,¥4.00,元/千克(kg) 
[2021-9-3],韭黄,成都市农产品中心批发市场,¥9.00,¥11.00,¥10.00,元/千克(kg) 
[2021-12-28],豆角,成都市农产品中心批发市场,¥5.60,¥7.80,¥6.20,元/千克(kg) 
[2021-12-28],黄瓜,成都市农产品中心批发市场,¥3.60,¥5.00,¥4.00,元/千克(kg) 
[2021-12-28],茄子,成都市农产品中心批发市场,¥3.00,¥3.40,¥3.20,元/千克(kg) 
[2021-12-28],青椒,成都市农产品中心批发市场,¥4.60,¥5.60,¥5.00,元/千克(kg) 
[2021-12-28],西红柿,成都市农产品中心批发市场,¥7.00,¥8.00,¥7.60,元/千克(kg) 
[2021-12-28],菜花,成都市农产品中心批发市场,¥2.80,¥3.60,¥3.20,元/千克(kg) 
[2021-12-28],韭黄,成都市农产品中心批发市场,¥10.00,¥11.00,¥10.40,元/千克(kg) 
[2021-12-28],蒜薹,成都市农产品中心批发市场,¥7.60,¥8.40,¥8.00,元/千克(kg) 
[2021-12-28],莴笋,成都市农产品中心批发市场,¥1.20,¥1.60,¥1.40,元/千克(kg) 
[2021-12-28],芹菜,成都市农产品中心批发市场,¥2.60,¥3.00,¥2.80,元/千克(kg) 
[2021-12-28],大蒜,成都市农产品中心批发市场,¥6.20,¥6.60,¥6.40,元/千克(kg) 
[2021-12-28],大葱,成都市农产品中心批发市场,¥6.20,¥6.60,¥6.40,元/千克(kg) 
[2021-12-28],土豆,成都市农产品中心批发市场,¥1.80,¥2.60,¥2.00,元/千克(kg) 
[2021-12-28],蒜苗,成都市农产品中心批发市场,¥6.00,¥7.00,¥6.40,元/千克(kg) 
[2021-12-28],韭菜,成都市农产品中心批发市场,¥6.40,¥7.60,¥7.00,元/千克(kg) 
[2021-12-28],生菜,成都市农产品中心批发市场,¥2.40,¥3.00,¥2.60,元/千克(kg) 
[2021-12-28],洋白菜,成都市农产品中心批发市场,¥2.00,¥2.60,¥2.40,元/千克(kg) 
[2021-12-28],大白菜,成都市农产品中心批发市场,¥1.20,¥1.60,¥1.40,元/千克(kg) 
[2021-9-3],豆角,成都市农产品中心批发市场,¥6.00,¥8.00,¥7.00,元/千克(kg) 
[2021-9-3],黄瓜,成都市农产品中心批发市场,¥2.40,¥3.20,¥3.00,元/千克(kg) 
[2021-9-3],茄子,成都市农产品中心批发市场,¥2.00,¥3.00,¥2.40,元/千克(kg) 
[2021-9-3],青椒,成都市农产品中心批发市场,¥2.00,¥3.00,¥2.40,元/千克(kg) 
[2021-9-3],西红柿,成都市农产品中心批发市场,¥3.20,¥4.00,¥3.60,元/千克(kg) 
[2021-9-3],菜花,成都市农产品中心批发市场,¥3.00,¥5.00,¥4.00,元/千克(kg) 
[2021-9-3],韭黄,成都市农产品中心批发市场,¥9.00,¥11.00,¥10.00,元/千克(kg) 
[2021-9-3],蒜薹,成都市农产品中心批发市场,¥5.60,¥7.00,¥6.00,元/千克(kg) 
[2021-9-3],莴笋,成都市农产品中心批发市场,¥1.20,¥3.40,¥2.40,元/千克(kg) 
[2021-9-3],芹菜,成都市农产品中心批发市场,¥6.00,¥6.40,¥6.00,元/千克(kg) 
[2021-9-3],大蒜,成都市农产品中心批发市场,¥6.40,¥7.60,¥7.00,元/千克(kg) 
[2021-9-3],大葱,成都市农产品中心批发市场,¥3.00,¥3.60,¥3.20,元/千克(kg) 
[2021-9-3],生菜,成都市农产品中心批发市场,¥4.00,¥5.00,¥4.40,元/千克(kg) 
[2021-9-3],土豆,成都市农产品中心批发市场,¥1.60,¥2.40,¥2.00,元/千克(kg) 
[2021-9-3],蒜苗,成都市农产品中心批发市场,¥4.00,¥7.00,¥6.00,元/千克(kg) 
[2021-9-3],韭菜,成都市农产品中心批发市场,¥4.00,¥5.00,¥4.40,元/千克(kg) 
[2021-9-3],洋白菜,成都市农产品中心批发市场,¥0.50,¥0.80,¥0.70,元/千克(kg) 
[2021-9-3],大白菜,成都市农产品中心批发市场,¥0.80,¥1.00,¥0.80,元/千克(kg) 
[2020-11-19],豆角,成都市农产品中心批发市场,¥6.00,¥7.00,¥6.40,元/千克(kg) 
[2020-11-19],黄瓜,成都市农产品中心批发市场,¥2.00,¥2.40,¥2.20,元/千克(kg) 
[2020-11-19],茄子,成都市农产品中心批发市场,¥5.00,¥6.40,¥5.60,元/千克(kg) 
[2020-11-19],青椒,成都市农产品中心批发市场,¥5.00,¥7.00,¥6.00,元/千克(kg) 
[2020-11-19],西红柿,成都市农产品中心批发市场,¥4.00,¥5.00,¥4.40,元/千克(kg) 
[2020-11-19],菜花,成都市农产品中心批发市场,¥3.40,¥4.00,¥3.60,元/千克(kg) 
[2020-11-19],韭黄,成都市农产品中心批发市场,¥12.00,¥14.00,¥13.00,元/千克(kg) 
[2020-11-19],蒜薹,成都市农产品中心批发市场,¥5.00,¥7.00,¥6.00,元/千克(kg) 
[2020-11-19],莴笋,成都市农产品中心批发市场,¥2.40,¥3.20,¥2.80,元/千克(kg) 
[2020-11-19],芹菜,成都市农产品中心批发市场,¥3.00,¥3.60,¥3.20,元/千克(kg) 
[2020-11-19],大蒜,成都市农产品中心批发市场,¥5.00,¥7.00,¥6.00,元/千克(kg) 
[2020-11-19],大葱,成都市农产品中心批发市场,¥4.00,¥5.60,¥5.20,元/千克(kg) 
[2020-11-19],土豆,成都市农产品中心批发市场,¥2.00,¥2.60,¥2.40,元/千克(kg) 
[2020-11-19],蒜苗,成都市农产品中心批发市场,¥5.00,¥6.00,¥5.60,元/千克(kg) 
[2021-12-28],豆角,成都市农产品中心批发市场,¥5.60,¥7.80,¥6.20,元/千克(kg) 
[2021-12-28],黄瓜,成都市农产品中心批发市场,¥3.60,¥5.00,¥4.00,元/千克(kg) 
[2021-12-28],茄子,成都市农产品中心批发市场,¥3.00,¥3.40,¥3.20,元/千克(kg) 
[2021-12-28],青椒,成都市农产品中心批发市场,¥4.60,¥5.60,¥5.00,元/千克(kg) 
[2021-12-28],西红柿,成都市农产品中心批发市场,¥7.00,¥8.00,¥7.60,元/千克(kg) 
[2021-12-28],菜花,成都市农产品中心批发市场,¥2.80,¥3.60,¥3.20,元/千克(kg) 
[2021-12-28],韭黄,成都市农产品中心批发市场,¥10.00,¥11.00,¥10.40,元/千克(kg) 
[2021-12-28],蒜薹,成都市农产品中心批发市场,¥7.60,¥8.40,¥8.00,元/千克(kg) 
[2021-12-28],莴笋,成都市农产品中心批发市场,¥1.20,¥1.60,¥1.40,元/千克(kg) 
[2021-12-28],芹菜,成都市农产品中心批发市场,¥2.60,¥3.00,¥2.80,元/千克(kg) 
[2021-12-28],大蒜,成都市农产品中心批发市场,¥6.20,¥6.60,¥6.40,元/千克(kg) 
[2021-12-28],大葱,成都市农产品中心批发市场,¥6.20,¥6.60,¥6.40,元/千克(kg) 
[2021-12-28],土豆,成都市农产品中心批发市场,¥1.80,¥2.60,¥2.00,元/千克(kg) 
[2021-12-28],蒜苗,成都市农产品中心批发市场,¥6.00,¥7.00,¥6.40,元/千克(kg) 
[2021-12-28],韭菜,成都市农产品中心批发市场,¥6.40,¥7.60,¥7.00,元/千克(kg) 
[2021-12-28],生菜,成都市农产品中心批发市场,¥2.40,¥3.00,¥2.60,元/千克(kg) 
[2021-12-28],洋白菜,成都市农产品中心批发市场,¥2.00,¥2.60,¥2.40,元/千克(kg) 
[2021-12-28],大白菜,成都市农产品中心批发市场,¥1.20,¥1.60,¥1.40,元/千克(kg) 
[2021-9-3],豆角,成都市农产品中心批发市场,¥6.00,¥8.00,¥7.00,元/千克(kg) 
[2021-9-3],黄瓜,成都市农产品中心批发市场,¥2.40,¥3.20,¥3.00,元/千克(kg) 
[2021-9-3],茄子,成都市农产品中心批发市场,¥2.00,¥3.00,¥2.40,元/千克(kg) 
[2021-9-3],青椒,成都市农产品中心批发市场,¥2.00,¥3.00,¥2.40,元/千克(kg) 
[2021-9-3],西红柿,成都市农产品中心批发市场,¥3.20,¥4.00,¥3.60,元/千克(kg) 
[2021-9-3],菜花,成都市农产品中心批发市场,¥3.00,¥5.00,¥4.00,元/千克(kg) 
[2021-9-3],韭黄,成都市农产品中心批发市场,¥9.00,¥11.00,¥10.00,元/千克(kg) 
[2021-9-3],蒜薹,成都市农产品中心批发市场,¥5.60,¥7.00,¥6.00,元/千克(kg) 
[2021-9-3],莴笋,成都市农产品中心批发市场,¥1.20,¥3.40,¥2.40,元/千克(kg) 
[2021-9-3],芹菜,成都市农产品中心批发市场,¥6.00,¥6.40,¥6.00,元/千克(kg) 
[2021-9-3],大蒜,成都市农产品中心批发市场,¥6.40,¥7.60,¥7.00,元/千克(kg) 
[2021-9-3],大葱,成都市农产品中心批发市场,¥3.00,¥3.60,¥3.20,元/千克(kg) 
[2021-9-3],生菜,成都市农产品中心批发市场,¥4.00,¥5.00,¥4.40,元/千克(kg) 
[2021-9-3],土豆,成都市农产品中心批发市场,¥1.60,¥2.40,¥2.00,元/千克(kg) 
[2021-9-3],蒜苗,成都市农产品中心批发市场,¥4.00,¥7.00,¥6.00,元/千克(kg) 
[2021-9-3],韭菜,成都市农产品中心批发市场,¥4.00,¥5.00,¥4.40,元/千克(kg) 
[2021-9-3],洋白菜,成都市农产品中心批发市场,¥0.50,¥0.80,¥0.70,元/千克(kg) 
[2021-9-3],大白菜,成都市农产品中心批发市场,¥0.80,¥1.00,¥0.80,元/千克(kg) 
[2020-11-19],豆角,成都市农产品中心批发市场,¥6.00,¥7.00,¥6.40,元/千克(kg) 
[2020-11-19],黄瓜,成都市农产品中心批发市场,¥2.00,¥2.40,¥2.20,元/千克(kg) 
[2020-11-19],茄子,成都市农产品中心批发市场,¥5.00,¥6.40,¥5.60,元/千克(kg) 
[2020-11-19],青椒,成都市农产品中心批发市场,¥5.00,¥7.00,¥6.00,元/千克(kg) 
[2020-11-19],西红柿,成都市农产品中心批发市场,¥4.00,¥5.00,¥4.40,元/千克(kg) 
[2020-11-19],菜花,成都市农产品中心批发市场,¥3.40,¥4.00,¥3.60,元/千克(kg) 
[2020-11-19],韭黄,成都市农产品中心批发市场,¥12.00,¥14.00,¥13.00,元/千克(kg) 
[2020-11-19],蒜薹,成都市农产品中心批发市场,¥5.00,¥7.00,¥6.00,元/千克(kg) 
[2020-11-19],莴笋,成都市农产品中心批发市场,¥2.40,¥3.20,¥2.80,元/千克(kg) 
[2020-11-19],芹菜,成都市农产品中心批发市场,¥3.00,¥3.60,¥3.20,元/千克(kg) 
[2020-11-19],大蒜,成都市农产品中心批发市场,¥5.00,¥7.00,¥6.00,元/千克(kg) 
[2020-11-19],大葱,成都市农产品中心批发市场,¥4.00,¥5.60,¥5.20,元/千克(kg) 
[2020-11-19],土豆,成都市农产品中心批发市场,¥2.00,¥2.60,¥2.40,元/千克(kg) 
[2020-11-19],蒜苗,成都市农产品中心批发市场,¥5.00,¥6.00,¥5.60,元/千克(kg) 
